Workbook

Sheet Invoice - Region 5
A1: SITHEMBE TRANSPORTATION & PROJECTS | G1: Tax Invoice
A3: Tel: 012 880 3155 | Cell: 073 124 1535 | Fax: 086 603 7935 | E3: Tax Invoice No: | H3: STP-INV-26-0397
A4: Email: accounts@sithembe.co.za | info@sithembe.co.za | E4: Invoice Date: | H4: 46229 | L4: RENTAL RATE | M4: SERVICE RATE
A5: VAToilet Number: 4070272101 | Vendor No: 101776 | E5: Service Period: | H5: 01 July 2026 - 25 July 2026 | L5: 11.5 | M5: 96.5
A6: Reg No: 2013/029173/07 | www.sithembe.co.za | E6: Region: | H6: Region 5
A7: Contract Ref: HS 02-2025/26
J8: 25
A10: BILL TO:
A11: City of Tshwane
A12: PO Box 6338
A13: Pretoria
A14: 0001
A16: VAT Number: 4000142267
A17: Tel: 012 358 3368
A19: # | B19: TOWNSHIP / INFORMAL SETTLEMENT | C19: RENTALS & RELOCATIONS | F19: SERVICE | H19: SUB TOTALS
B20: TOWNSHIP / INFORMAL SETTLEMENT | C20: Qty (Units) | D20: Days in Period | E20: Rental Amount R11.50 | F20: No of Services | G20: Service Amount R96.50
A21: 1 | B21: Wallmansthall Berlin | C21: 22 | D21: =J8 -> 25 | E21: =IF(C21="","",C21*D21*$L$5) -> 6325 | F21: ='Service Notes'!K9 -> 7 | G21: =IF(C21="","",C21*F21*$M$5) -> 14861 | H21: =IF(C21="","",E21+G21) -> 21186
A22: 2 | B22: Rayton Plot 121 | C22: 1 | D22: =D21 -> 25 | E22: =IF(C22="","",C22*D22*$L$5) -> 287.5 | F22: ='Service Notes'!K10 -> 7 | G22: =IF(C22="","",C22*F22*$M$5) -> 675.5 | H22: =IF(C22="","",E22+G22) -> 963
A23: 3 | B23: Pienaarspoort Ext 22 | C23: 12 | D23: =D22 -> 25 | E23: =IF(C23="","",C23*D23*$L$5) -> 3450 | F23: ='Service Notes'!K11 -> 7 | G23: =IF(C23="","",C23*F23*$M$5) -> 8106 | H23: =IF(C23="","",E23+G23) -> 11556
D24: =IF(C24="","",$H$13) | E24: =IF(C24="","",C24*$H$13*$H$14) | G24: =IF(C24="","",C24*F24*$H$15)
B26: Sub Totals | C26: =SUM(C21:C24) -> 35 | E26: =SUM(E21:E24) -> 10062.5 | G26: =SUM(G21:G24) -> 23642.5 | H26: =SUM(E26,G26) -> 33705
G27: VAT @ 15% | H27: =H26*15% -> 5055.75
A28: BANKING DETAILS | F28: Gross Total | H28: =H26+H27 -> 38760.75
A29: Account Holder: Sithembe Transportation and Projects (Pty) Ltd
A30: Bank: Nedbank Limited
A31: AccounToilet Number: 1323687157
A32: Branch Code: 198765
E34: City of Tshwane Official:
A37: Service Provider Signature: | E37: Signature:
A39: =H4 -> 46229
A40: Date: | E40: Date:

Sheet Service Notes
A1: SITHEMBE TRANSPORTATION & PROJECTS | H1: Service Notes - Pump & Clean
A3: City of Thswane
A4: Hiring and Servicing of chemical toilets
A5: HS 02-2025/26
A6: Service Notes (01 July 2026 to 25 July 2026) | B6: Service Notes (From 26 April 2026 - 25 May 2026) | C6: Service Notes (From 26 April 2026 - 25 May 2026) | D6: Service Notes (From 26 April 2026 - 25 May 2026)
A8: TOWNSHIP / INFORMAL SETTLEMENT | C8: No of Toilets | D8: FRIDAY | E8: TUESDAY | F8: FRIDAY | G8: TUESDAY | H8: FRIDAY | I8: TUESDAY | J8: FRIDAY | K8: No of Service
A9: ='Invoice - Region 5'!B21 -> Wallmansthall Berlin | C9: ='Invoice - Region 5'!C21 -> 22 | D9: 46206 | E9: 46210 | F9: 46213 | G9: 46217 | H9: 46220 | I9: 46224 | J9: 46227 | K9: =COUNT(D9:J9) -> 7
A10: ='Invoice - Region 5'!B22 -> Rayton Plot 121 | C10: ='Invoice - Region 5'!C22 -> 1 | D10: 46206 | E10: 46210 | F10: 46213 | G10: 46217 | H10: 46220 | I10: 46224 | J10: 46227 | K10: =COUNT(D10:J10) -> 7
A11: ='Invoice - Region 5'!B23 -> Pienaarspoort Ext 22 | C11: ='Invoice - Region 5'!C23 -> 12 | D11: 46206 | E11: 46210 | F11: 46213 | G11: 46217 | H11: 46220 | I11: 46224 | J11: 46227 | K11: =COUNT(D11:J11) -> 7
A16: Service Provider Signature: | E16: City of Tshwane Official:
A18: ='Invoice - Region 5'!H4 -> 46229
A19: Date | E19: Date

Sheet Clearning Schedule
A1: Weekly Cleaning Schedule
A3: Informal Settlement Area | C3: No of Toilets | D3: Weekly Cleaning Dates
A4: ='Invoice - Region 5'!B21 -> Wallmansthall Berlin | C4: ='Invoice - Region 5'!C21 -> 22 | D4: Tuesday & Friday
A5: ='Invoice - Region 5'!B22 -> Rayton Plot 121 | C5: ='Invoice - Region 5'!C22 -> 1 | D5: Tuesday & Friday
A6: ='Invoice - Region 5'!B23 -> Pienaarspoort Ext 22 | C6: ='Invoice - Region 5'!C23 -> 12 | D6: Tuesday & Friday
A8: Total Number of Toilets | C8: =SUM(C4:C6) -> 35
A11: Service Provider Official: | C11: City of Tshwane Official:
A13: #VALUE!
A14: Signature | C14: Signature
A16: ='Invoice - Region 5'!H4 -> 46229
A17: Date | C17: Date

Sheet Employee List
A1: EPWP Employee List
A3: FULLNAME | B3: ID NUMBER | D3: LOCATION | E3: POSITION
A4: DAVID TSWAI | B4: 6409065284082 | D4: =UPPER('Invoice - Region 5'!B21) -> WALLMANSTHALL BERLIN | E4: CO-ORDINATOR
A5: NONDUMISA MDAKANE | B5: 9507181286084 | D5: =D4 -> WALLMANSTHALL BERLIN | E5: CLEANER
A6: BRANDY MOTHWA | B6: 9706615300087 | D6: =D5 -> WALLMANSTHALL BERLIN | E6: CLEANER
A7: THEMBINKOSI MAGAGULA | B7: 7407055418081 | D7: PIENAASPOORT EXT 22 & RAYTON PLOT 121 | E7: CO-ORDINATOR
A8: PROMISE LEHLAE | B8: 8811180906085 | D8: PIENAASPOORT EXT 22 & RAYTON PLOT 121 | E8: CLEANER
A9: SIZWE MAHLANGU | B9: 8810195855089 | D9: PIENAASPOORT EXT 22 & RAYTON PLOT 121 | E9: DRIVER
A10: JULY CHABANGU | B10: 0107015422085 | D10: PIENAASPOORT EXT 22 & RAYTON PLOT 121 | E10: DRIVER
A12: Service Provider Official:
A14: #VALUE!
A15: Signature | D15: Signature
A17: ='Invoice - Region 5'!H4 -> 46229
A18: Date | D18: Date
