Workbook

Sheet Invoice — Region 5
A1: SITHEMBE TRANSPORTATION & PROJECTS | G1: Tax Invoice
A3: Tel: 012 880 3155 | Cell: 073 124 1535 | Fax: 086 603 7935 | E3: Tax Invoice No: | H3: STP-INV-26-0331
A4: Email: accounts@sithembe.co.za | info@sithembe.co.za | E4: Invoice Date: | H4: 46107
A5: VAToilet Number: 4070272101 | Vendor No: 101776 | E5: Service Period: | H5: 01 Mar 2026 - 25 Mar 2026
A6: Reg No: 2013/029173/07 | www.sithembe.co.za | E6: Region: | H6: Region 5
A7: Contract Ref: HS 02-2025/26
A10: BILL TO:
A11: City of Tshwane
A12: PO Box 6338
A13: Pretoria
A14: 0001
A16: VAT Number: 4000142267
A17: Tel: 012 358 3368
A19: # | B19: TOWNSHIP / INFORMAL SETTLEMENT | C19: RENTALS & RELOCATIONS | F19: SERVICE | H19: SUB TOTALS
B20: TOWNSHIP / INFORMAL SETTLEMENT | C20: Qty (Units) | D20: Days in Period | E20: Rental Amount R11.50 | F20: No of Services | G20: Service Amount R96.50
A21: 1 | B21: Wallmansthall Berlin | C21: 22 | D21: 21 | E21: =IF(C21="","",C21*D21*11.5) -> 5313 | F21: ='Service Notes'!J8 -> 5 | G21: =IF(C21="","",C21*F21*96.5) -> 10615 | H21: =IF(C21="","",E21+G21) -> 15928
A22: 2 | B22: Rayton | C22: 1 | D22: 23 | E22: =IF(C22="","",C22*D22*11.5) -> 264.5 | F22: ='Service Notes'!J9 -> 6 | G22: =IF(C22="","",C22*F22*96.5) -> 579 | H22: =IF(C22="","",E22+G22) -> 843.5
A23: 3 | B23: Pienaarspoort | C23: 12 | D23: 23 | E23: =IF(C23="","",C23*D23*11.5) -> 3174 | F23: ='Service Notes'!J10 -> 6 | G23: =IF(C23="","",C23*F23*96.5) -> 6948 | H23: =IF(C23="","",E23+G23) -> 10122
D24: =IF(C24="","",$H$13) | E24: =IF(C24="","",C24*$H$13*$H$14) | G24: =IF(C24="","",C24*F24*$H$15)
B26: Sub Totals | C26: =SUM(C21:C24) -> 35 | E26: =SUM(E21:E24) -> 8751.5 | G26: =SUM(G21:G24) -> 18142 | H26: =SUM(E26,G26) -> 26893.5
G27: VAT @ 15% | H27: =H26*15% -> 4034.025
A28: BANKING DETAILS | F28: Gross Total | H28: =H26+H27 -> 30927.525
A29: Account Holder: Sithembe Transportation and Projects (Pty) Ltd
A30: Bank: Nedbank Limited
A31: AccounToilet Number: 1323687157
A32: Branch Code: 198765
E34: City of Tshwane Official:
A37: Service Provider Signature: | E37: Signature:
A39: =H4 -> 46107
A40: Date: | E40: Date:

Sheet Service Notes
A1: SITHEMBE TRANSPORTATION & PROJECTS | F1: Service Notes - Pump & Clean
A3: City of Thswane
A4: Hiring and Servicing of chemical toilets
A5: HS 02-2025/26
A6: Service Notes (From 1 March 2026 To 25 March 2026)
A7: TOWNSHIP / INFORMAL SETTLEMENT | C7: No of Toilets | D7: FRIDAY | E7: TUESDAY | F7: FRIDAY | G7: TUESDAY | H7: FRIDAY | I7: TUESDAY | J7: No of Service
A8: ='Invoice — Region 5'!B21 -> Wallmansthall Berlin | C8: ='Invoice — Region 5'!C21 -> 22 | E8: 46091 | F8: 46094 | G8: 46098 | H8: 46101 | I8: 46105 | J8: =COUNT(D8:I8) -> 5
A9: ='Invoice — Region 5'!B22 -> Rayton | C9: ='Invoice — Region 5'!C22 -> 1 | D9: 46087 | E9: 46091 | F9: 46094 | G9: 46098 | H9: 46101 | I9: 46105 | J9: =COUNT(D9:I9) -> 6
A10: ='Invoice — Region 5'!B23 -> Pienaarspoort | C10: ='Invoice — Region 5'!C23 -> 12 | D10: 46087 | E10: 46091 | F10: 46094 | G10: 46098 | H10: 46101 | I10: 46105 | J10: =COUNT(D10:I10) -> 6
A15: Service Provider Signature: | E15: City of Tshwane Official:
A17: 46107
A18: Date | E18: Date

Sheet Clearning Schedule
A1: Weekly Cleaning Schedule
A3: Informal Settlement Area | C3: No of Toilets | D3: Weekly Cleaning Dates
A4: ='Invoice — Region 5'!B21 -> Wallmansthall Berlin | C4: 22 | D4: Tuesday & Friday
A5: ='Invoice — Region 5'!B22 -> Rayton | C5: 1 | D5: Tuesday & Friday
A6: ='Invoice — Region 5'!B23 -> Pienaarspoort | C6: 12 | D6: Tuesday & Friday
A8: Total Number of Toilets | C8: =SUM(C4:C6) -> 35
A11: Service Provider Official: | C11: City of Tshwane Official:
A13: #VALUE!
A14: Signature | C14: Signature
A16: 46107
A17: Date | C17: Date

Sheet Employee List
A1: EPWP Employee List
A3: FULLNAME | B3: ID NUMBER | D3: LOCATION | E3: POSITION
A4: DAVID TSWAI | B4: 6409065284082 | D4: =UPPER('Invoice — Region 5'!B21) -> WALLMANSTHALL BERLIN | E4: CO-ORDINATOR
A5: NONDUMISA MDAKANE | B5: 9507181286084 | D5: =D4 -> WALLMANSTHALL BERLIN | E5: CLEANER
A6: BRANDY MOTHWA | B6: 9706615300087 | D6: =D5 -> WALLMANSTHALL BERLIN | E6: CLEANER
A7: THEMBINKOSI MAGAGULA | B7: 7407055418081 | D7: PIENAARSPOORT & RAYTON | E7: CO-ORDINATOR
A8: PROMISE LEHLAE | B8: 8811180906085 | D8: PIENAARSPOORT & RAYTON | E8: CLEANER
A11: Service Provider Official: | D11: City of Tshwane Official:
H12: Pienaarspoort
A13: #VALUE!
A14: Signature | D14: Signature
A16: 46107
A17: Date | D17: Date
