Workbook

Sheet Invoice — Region 2
A1: SITHEMBE TRANSPORTATION & PROJECTS | J1: Tax Invoice
A3: Tel: 012 880 3155 | Cell: 073 124 1535 | Fax: 086 603 7935 | H3: Tax Invoice No: | K3: STP/INV/26/0388
A4: Email: accounts@sithembe.co.za | info@sithembe.co.za | H4: Invoice Date: | K4: =TEXT(DATE(YEAR(TODAY()),MONTH(TODAY()),26),"dd mmmm yyyy") -> 26 March 2026
A5: VAT No: 4000142267 | Vendor No: 101776 | H5: Service Period: | K5: =TEXT(K4,"mmmm YY") & " (" & TEXT(DATE(YEAR(K4),MONTH(K4)-1,26),"dd mmm") & " - " & TEXT(DATE(YEAR(K4),MONTH(K4),25),"dd mmm") & ")" -> March 26 (26 Feb - 25 Mar)
A6: Reg No: 2013/029173/07 | www.sithembe.co.za | H6: Days in Period: | K6: =IF(K4="","",K4-DATE(YEAR(K4),MONTH(K4)-1,26)) -> 28
A7: Contract Ref: HHS 02-2021/22 | H7: PO Number:
A10: BILL TO:
A11: City of Tshwane Metropolitan Municipality | H11: Region: | K11: Region 2
A12: Human Settlements & Operations and Coordination Deptment | H12: Hire Rate (excl VAT): | K12: 11.5
A13: Isivuno House, 330 Madiba Street | H13: Service Rate (excl VAT): | K13: 96.5
A14: PO Box 440, Pretoria, 0001 | H14: Relocation Rate (excl VAT) | K14: 7
H15: Project Manager | K15: Ms. Thokozile Maluka
A19: # | B19: TOWNSHIP / INFORMAL SETTLEMENT | C19: Ward No | D19: RENTALS & RELOCATIONS | I19: SERVICE | K19: SUB TOTALS
B20: TOWNSHIP / INFORMAL SETTLEMENT | D20: Qty (Units) | E20: Toilet Relocation | F20: Relocation Amount (excl VAT) | G20: Days in Period | H20: Rental Amount (excl VAT) | I20: No of Services | J20: Service Amount (excl VAT)
A21: 1 | B21: Themba View | C21: 8 | D21: 8 | E21: 0 | F21: =IF(E21="","",E21*$K$14) -> 0 | G21: =IF(D21="","",$K$6) -> 28 | H21: =IF(D21="","",D21*$K$12*$K$6) -> 2576 | I21: ='Service Notes'!L13 -> 9 | J21: =IF(D21="","",D21*I21*$K$13) -> 6948 | K21: =IF(D21="","",F21+H21+J21) -> 9524
A22: 2 | B22: Marokolong | C22: 73 | D22: 11 | E22: 0 | F22: =IF(E22="","",E22*$K$14) -> 0 | G22: =IF(D22="","",$K$6) -> 28 | H22: =IF(D22="","",D22*$K$12*$K$6) -> 3542 | I22: ='Service Notes'!L14 -> 0 | J22: =IF(D22="","",D22*I22*$K$13) -> 0 | K22: =IF(D22="","",F22+H22+J22) -> 3542
A23: 3 | B23: Hammanskraal Ext 4 | C23: 49 | D23: 30 | E23: 0 | F23: =IF(E23="","",E23*$K$14) -> 0 | G23: =IF(D23="","",$K$6) -> 28 | H23: =IF(D23="","",D23*$K$12*$K$6) -> 9660 | I23: ='Service Notes'!L15 -> 0 | J23: =IF(D23="","",D23*I23*$K$13) -> 0 | K23: =IF(D23="","",F23+H23+J23) -> 9660
A24: 4 | B24: Hammanskraal portion 9 & 10 | C24: 49 | D24: 160 | E24: 0 | F24: =IF(E24="","",E24*$K$14) -> 0 | G24: =IF(D24="","",$K$6) -> 28 | H24: =IF(D24="","",D24*$K$12*$K$6) -> 51520 | I24: ='Service Notes'!L16 -> 0 | J24: =IF(D24="","",D24*I24*$K$13) -> 0 | K24: =IF(D24="","",F24+H24+J24) -> 51520
A25: 5 | B25: Soshanguve X Buffer C | C25: 95 | D25: 50 | E25: 0 | F25: =IF(E25="","",E25*$K$14) -> 0 | G25: =IF(D25="","",$K$6) -> 28 | H25: =IF(D25="","",D25*$K$12*$K$6) -> 16100 | I25: ='Service Notes'!L17 -> 0 | J25: =IF(D25="","",D25*I25*$K$13) -> 0 | K25: =IF(D25="","",F25+H25+J25) -> 16100
A26: 6 | B26: Soshanguve X Buffer D | C26: 95 | D26: 60 | E26: 0 | F26: =IF(E26="","",E26*$K$14) -> 0 | G26: =IF(D26="","",$K$6) -> 28 | H26: =IF(D26="","",D26*$K$12*$K$6) -> 19320 | I26: ='Service Notes'!L18 -> 1 | J26: =IF(D26="","",D26*I26*$K$13) -> 5790 | K26: =IF(D26="","",F26+H26+J26) -> 25110
A27: 7 | B27: Soshanguve X Buffer Civcon | C27: 95 | D27: 10 | E27: 0 | F27: =IF(E27="","",E27*$K$14) -> 0 | G27: =IF(D27="","",$K$6) -> 28 | H27: =IF(D27="","",D27*$K$12*$K$6) -> 3220 | I27: ='Service Notes'!L19 -> 0 | J27: =IF(D27="","",D27*I27*$K$13) -> 0 | K27: =IF(D27="","",F27+H27+J27) -> 3220
A28: 8 | B28: Dali Mpofu | C28: 95 | D28: 40 | E28: 0 | F28: =IF(E28="","",E28*$K$14) -> 0 | G28: =IF(D28="","",$K$6) -> 28 | H28: =IF(D28="","",D28*$K$12*$K$6) -> 12880 | I28: ='Service Notes'!L20 -> 1 | J28: =IF(D28="","",D28*I28*$K$13) -> 3860 | K28: =IF(D28="","",F28+H28+J28) -> 16740
A29: 9 | B29: Stinkwater | C29: 95 | D29: 3 | E29: 0 | F29: =IF(E29="","",E29*$K$14) -> 0 | G29: =IF(D29="","",$K$6) -> 28 | H29: =IF(D29="","",D29*$K$12*$K$6) -> 966 | I29: ='Service Notes'!L21 -> 0 | J29: =IF(D29="","",D29*I29*$K$13) -> 0 | K29: =IF(D29="","",F29+H29+J29) -> 966
A30: 10 | B30: Stinkwater Ext 10 | C30: 13 | D30: 70 | E30: 0 | F30: =IF(E30="","",E30*$K$14) -> 0 | G30: =IF(D30="","",$K$6) -> 28 | H30: =IF(D30="","",D30*$K$12*$K$6) -> 22540 | I30: ='Service Notes'!L22 -> 0 | J30: =IF(D30="","",D30*I30*$K$13) -> 0 | K30: =IF(D30="","",F30+H30+J30) -> 22540
A31: 11 | B31: Chris Hani | C31: 75 | D31: 80 | E31: 0 | F31: =IF(E31="","",E31*$K$14) -> 0 | G31: =IF(D31="","",$K$6) -> 28 | H31: =IF(D31="","",D31*$K$12*$K$6) -> 25760 | I31: ='Service Notes'!L23 -> 0 | J31: =IF(D31="","",D31*I31*$K$13) -> 0 | K31: =IF(D31="","",F31+H31+J31) -> 25760
A32: 12 | B32: Phomolong Phase 1 | C32: 8 | D32: 59 | E32: 0 | F32: =IF(E32="","",E32*$K$14) -> 0 | G32: =IF(D32="","",$K$6) -> 28 | H32: =IF(D32="","",D32*$K$12*$K$6) -> 18998 | I32: ='Service Notes'!L24 -> 0 | J32: =IF(D32="","",D32*I32*$K$13) -> 0 | K32: =IF(D32="","",F32+H32+J32) -> 18998
A33: 13 | B33: Greenfield Ext 14 (Lefika) | C33: 49 | D33: 15 | E33: 0 | F33: =IF(E33="","",E33*$K$14) -> 0 | G33: =IF(D33="","",$K$6) -> 28 | H33: =IF(D33="","",D33*$K$12*$K$6) -> 4830 | I33: ='Service Notes'!L25 -> 0 | J33: =IF(D33="","",D33*I33*$K$13) -> 0 | K33: =IF(D33="","",F33+H33+J33) -> 4830
A34: 14 | G34: =IF(D34="","",$K$13) | H34: =IF(D34="","",D34*$K$13*$K$14) | J34: =IF(D34="","",D34*I34*$K$15) | K34: =IF(D34="","",H34+J34)
A35: 15 | G35: =IF(D35="","",$K$13) | H35: =IF(D35="","",D35*$K$13*$K$14) | J35: =IF(D35="","",D35*I35*$K$15)
B37: Sub Totals | D37: =SUM(D21:D35) -> 596 | E37: =SUM(E21:E35) -> 0 | F37: =SUM(F21:F35) -> 0 | H37: =SUM(H21:H35) -> 191912 | J37: =SUM(J21:J35) -> 16598 | K37: =SUM(F37,H37,J37) -> 208510 | L37: =SUM(K21:K33) -> 208510
J38: VAT @ 15% | K38: =K37*15% -> 31276.5
A39: BANKING DETAILS | H39: Gross Total | K39: =K37+K38 -> 239786.5
A40: Account Holder: Sithembe Transportation and Projects (Pty) Ltd
A41: Bank: Nedbank Limited
A42: Account No: 1323687157
A43: Branch Code: 198765
H44: City of Tshwane Official:
A47: Service Provider Signature: | H47: Signature:
A49: =K4 -> 26 March 2026
A50: Date: | H50: Date:

Sheet Service Notes
A1: SITHEMBE TRANSPORTATION & PROJECTS | G1: Service Notes
A3: Tel: 012 880 3155 | Cell: 073 124 1535 | Fax: 086 603 7935 | H3: Tax Invoice No: | I3: ='Invoice — Region 2'!K3 -> STP/INV/26/0388
A4: Email: accounts@sithembe.co.za | info@sithembe.co.za | H4: Invoice Date: | I4: ='Invoice — Region 2'!K4 -> 26 March 2026
A5: VAT No: 4000142267 | Vendor No: 101776 | H5: Service Period: | I5: ='Invoice — Region 2'!K5 -> March 26 (26 Feb - 25 Mar)
A6: Reg No: 2013/029173/07 | www.sithembe.co.za | H6: Days in Period: | I6: =IF(I4="","",I4-DATE(YEAR(I4),MONTH(I4)-1,26)) -> 28
A7: Contract Ref: HHS 02-2021/22 | H7: PO Number: | I7: =IF('Invoice — Region 2'!K7="","NO Po NUMBER",'Invoice — Region 2'!K7) -> NO Po NUMBER
A8: Project Manager: Ms. Thokozile Maluka | H8: Region: | I8: Region 2
A11: LOCATION | C11: 1 | D11: 2 | E11: 3 | F11: 4 | G11: 5 | H11: 6 | I11: 7 | J11: 8 | K11: 9 | L11: TOTAL
A12: TOWNSHIP / INFORMAL SETTLEMENT | C12: 46103 | D12: 46104 | E12: 46105 | F12: 46106 | G12: 46107 | H12: 46108 | I12: 46109 | J12: 46110 | K12: 46111
A13: ='Invoice — Region 2'!B21 -> Themba View | C13: TRUE | D13: TRUE | E13: TRUE | F13: TRUE | G13: TRUE | H13: TRUE | I13: TRUE | J13: TRUE | K13: TRUE | L13: =COUNTIF(C13:K13,TRUE) -> 9
A14: ='Invoice — Region 2'!B22 -> Marokolong | C14: FALSE | D14: FALSE | E14: FALSE | F14: FALSE | G14: FALSE | H14: FALSE | I14: FALSE | J14: FALSE | K14: FALSE | L14: =COUNTIF(C14:K14,TRUE) -> 0
A15: ='Invoice — Region 2'!B23 -> Hammanskraal Ext 4 | C15: FALSE | D15: FALSE | E15: FALSE | F15: FALSE | G15: FALSE | H15: FALSE | I15: FALSE | J15: FALSE | K15: FALSE | L15: =COUNTIF(C15:K15,TRUE) -> 0
A16: ='Invoice — Region 2'!B24 -> Hammanskraal portion 9 & 10 | C16: FALSE | D16: FALSE | E16: FALSE | F16: FALSE | G16: FALSE | H16: FALSE | I16: FALSE | J16: FALSE | K16: FALSE | L16: =COUNTIF(C16:K16,TRUE) -> 0
A17: ='Invoice — Region 2'!B25 -> Soshanguve X Buffer C | C17: FALSE | D17: FALSE | E17: FALSE | F17: FALSE | G17: FALSE | H17: FALSE | I17: FALSE | J17: FALSE | K17: FALSE | L17: =COUNTIF(C17:K17,TRUE) -> 0
A18: ='Invoice — Region 2'!B26 -> Soshanguve X Buffer D | C18: TRUE | D18: FALSE | E18: FALSE | F18: FALSE | G18: FALSE | H18: FALSE | I18: FALSE | J18: FALSE | K18: FALSE | L18: =COUNTIF(C18:K18,TRUE) -> 1
A19: ='Invoice — Region 2'!B27 -> Soshanguve X Buffer Civcon | C19: FALSE | D19: FALSE | E19: FALSE | F19: FALSE | G19: FALSE | H19: FALSE | I19: FALSE | J19: FALSE | K19: FALSE | L19: =COUNTIF(C19:K19,TRUE) -> 0
A20: ='Invoice — Region 2'!B28 -> Dali Mpofu | C20: FALSE | D20: FALSE | E20: TRUE | F20: FALSE | G20: FALSE | H20: FALSE | I20: FALSE | J20: FALSE | K20: FALSE | L20: =COUNTIF(C20:K20,TRUE) -> 1
A21: ='Invoice — Region 2'!B29 -> Stinkwater | C21: FALSE | D21: FALSE | E21: FALSE | F21: FALSE | G21: FALSE | H21: FALSE | I21: FALSE | J21: FALSE | K21: FALSE | L21: =COUNTIF(C21:K21,TRUE) -> 0
A22: ='Invoice — Region 2'!B30 -> Stinkwater Ext 10 | C22: FALSE | D22: FALSE | E22: FALSE | F22: FALSE | G22: FALSE | H22: FALSE | I22: FALSE | J22: FALSE | K22: FALSE | L22: =COUNTIF(C22:K22,TRUE) -> 0
A23: ='Invoice — Region 2'!B31 -> Chris Hani | C23: FALSE | D23: FALSE | E23: FALSE | F23: FALSE | G23: FALSE | H23: FALSE | I23: FALSE | J23: FALSE | K23: FALSE | L23: =COUNTIF(C23:K23,TRUE) -> 0
A24: ='Invoice — Region 2'!B32 -> Phomolong Phase 1 | C24: FALSE | D24: FALSE | E24: FALSE | F24: FALSE | G24: FALSE | H24: FALSE | I24: FALSE | J24: FALSE | K24: FALSE | L24: =COUNTIF(C24:K24,TRUE) -> 0
A25: ='Invoice — Region 2'!B33 -> Greenfield Ext 14 (Lefika) | C25: FALSE | D25: FALSE | E25: FALSE | F25: FALSE | G25: FALSE | H25: FALSE | I25: FALSE | J25: FALSE | K25: FALSE | L25: =COUNTIF(C25:K25,TRUE) -> 0
A38: Livhu and Musa Enterprise Official: | H38: City of Tshwane Official:
A41: Service Provider Signature: | H41: Signature:
A43: =I4 -> 26 March 2026
A44: Date: | H44: Date:

Sheet Attendance Register
A1: SITHEMBE TRANSPORTATION & PROJECTS | G1: Attendance Register
A3: Tel: 012 880 3155 | Cell: 073 124 1535 | Fax: 086 603 7935 | H3: Tax Invoice No: | I3: ='Invoice — Region 2'!K3 -> STP/INV/26/0388
A4: Email: accounts@sithembe.co.za | info@sithembe.co.za | H4: Invoice Date: | I4: ='Invoice — Region 2'!K4 -> 26 March 2026
A5: VAT No: 4000142267 | Vendor No: 101776 | H5: Service Period: | I5: ='Invoice — Region 2'!K5 -> March 26 (26 Feb - 25 Mar)
A6: Reg No: 2013/029173/07 | www.sithembe.co.za | H6: Days in Period: | I6: =IF(I4="","",I4-DATE(YEAR(I4),MONTH(I4)-1,26)) -> 28
A7: Contract Ref: HHS 02-2021/22 | H7: PO Number: | I7: =IF('Invoice — Region 2'!K7="","NO Po NUMBER",'Invoice — Region 2'!K7) -> NO Po NUMBER
A8: Project Manager: Ms. Thokozile Maluka | H8: Region: | I8: Region 2
A10: ='EPWP Employees'!A10 -> FULLNAME | B10: ='EPWP Employees'!B10 -> ID NUMBER | C10: 1 | D10: 2 | E10: 3 | F10: 4 | G10: 5 | H10: 6 | I10: 7 | J10: 8 | K10: 9 | L10: TOTAL
C11: ='Service Notes'!C12 -> 46103 | D11: ='Service Notes'!D12 -> 46104 | E11: ='Service Notes'!E12 -> 46105 | F11: ='Service Notes'!F12 -> 46106 | G11: ='Service Notes'!G12 -> 46107 | H11: ='Service Notes'!H12 -> 46108 | I11: ='Service Notes'!I12 -> 46109 | J11: ='Service Notes'!J12 -> 46110 | K11: ='Service Notes'!K12 -> 46111
A12: =IF('EPWP Employees'!A11="","",'EPWP Employees'!A11) -> NAME 1 | B12: =IF('EPWP Employees'!B11="","",'EPWP Employees'!B11) -> ID NUMBER 1 | C12: FALSE | D12: FALSE | E12: FALSE | F12: FALSE | G12: FALSE | H12: FALSE | I12: FALSE | J12: FALSE | K12: FALSE | L12: =COUNTIF(C12:K12,TRUE) -> 0
A13: =IF('EPWP Employees'!A12="","",'EPWP Employees'!A12) -> NAME 2 | B13: =IF('EPWP Employees'!B12="","",'EPWP Employees'!B12) -> ID NUMBER 2 | C13: FALSE | D13: FALSE | E13: FALSE | F13: FALSE | G13: FALSE | H13: FALSE | I13: FALSE | J13: FALSE | K13: FALSE | L13: =COUNTIF(C13:K13,TRUE) -> 0
A14: =IF('EPWP Employees'!A13="","",'EPWP Employees'!A13) -> NAME 3 | B14: =IF('EPWP Employees'!B13="","",'EPWP Employees'!B13) -> ID NUMBER 3 | C14: FALSE | D14: FALSE | E14: FALSE | F14: FALSE | G14: FALSE | H14: FALSE | I14: FALSE | J14: FALSE | K14: FALSE | L14: =COUNTIF(C14:K14,TRUE) -> 0
A15: =IF('EPWP Employees'!A14="","",'EPWP Employees'!A14) -> NAME 4 | B15: =IF('EPWP Employees'!B14="","",'EPWP Employees'!B14) -> ID NUMBER 4 | C15: FALSE | D15: FALSE | E15: FALSE | F15: FALSE | G15: FALSE | H15: FALSE | I15: FALSE | J15: FALSE | K15: FALSE | L15: =COUNTIF(C15:K15,TRUE) -> 0
A16: =IF('EPWP Employees'!A15="","",'EPWP Employees'!A15) -> NAME 5 | B16: =IF('EPWP Employees'!B15="","",'EPWP Employees'!B15) -> ID NUMBER 5 | C16: FALSE | D16: FALSE | E16: FALSE | F16: FALSE | G16: FALSE | H16: FALSE | I16: FALSE | J16: FALSE | K16: FALSE | L16: =COUNTIF(C16:K16,TRUE) -> 0
A17: =IF('EPWP Employees'!A16="","",'EPWP Employees'!A16) -> NAME 6 | B17: =IF('EPWP Employees'!B16="","",'EPWP Employees'!B16) -> ID NUMBER 6 | C17: FALSE | D17: FALSE | E17: FALSE | F17: FALSE | G17: FALSE | H17: FALSE | I17: FALSE | J17: FALSE | K17: FALSE | L17: =COUNTIF(C17:K17,TRUE) -> 0
A18: =IF('EPWP Employees'!A17="","",'EPWP Employees'!A17) -> NAME 7 | B18: =IF('EPWP Employees'!B17="","",'EPWP Employees'!B17) -> ID NUMBER 7 | C18: FALSE | D18: FALSE | E18: FALSE | F18: FALSE | G18: FALSE | H18: FALSE | I18: FALSE | J18: FALSE | K18: FALSE | L18: =COUNTIF(C18:K18,TRUE) -> 0
A19: =IF('EPWP Employees'!A18="","",'EPWP Employees'!A18) -> NAME 8 | B19: =IF('EPWP Employees'!B18="","",'EPWP Employees'!B18) -> ID NUMBER 8 | C19: FALSE | D19: FALSE | E19: FALSE | F19: FALSE | G19: FALSE | H19: FALSE | I19: FALSE | J19: FALSE | K19: FALSE | L19: =COUNTIF(C19:K19,TRUE) -> 0
A20: =IF('EPWP Employees'!A19="","",'EPWP Employees'!A19) -> NAME 9 | B20: =IF('EPWP Employees'!B19="","",'EPWP Employees'!B19) -> ID NUMBER 9 | C20: FALSE | D20: FALSE | E20: FALSE | F20: FALSE | G20: FALSE | H20: FALSE | I20: FALSE | J20: FALSE | K20: FALSE | L20: =COUNTIF(C20:K20,TRUE) -> 0
A21: =IF('EPWP Employees'!A20="","",'EPWP Employees'!A20) -> NAME 10 | B21: =IF('EPWP Employees'!B20="","",'EPWP Employees'!B20) -> ID NUMBER 10 | C21: FALSE | D21: FALSE | E21: FALSE | F21: FALSE | G21: FALSE | H21: FALSE | I21: FALSE | J21: FALSE | K21: FALSE | L21: =COUNTIF(C21:K21,TRUE) -> 0
A22: =IF('EPWP Employees'!A21="","",'EPWP Employees'!A21) -> NAME 11 | B22: =IF('EPWP Employees'!B21="","",'EPWP Employees'!B21) -> ID NUMBER 11 | C22: FALSE | D22: FALSE | E22: FALSE | F22: FALSE | G22: FALSE | H22: FALSE | I22: FALSE | J22: FALSE | K22: FALSE | L22: =COUNTIF(C22:K22,TRUE) -> 0
A23: =IF('EPWP Employees'!A22="","",'EPWP Employees'!A22) -> NAME 12 | B23: =IF('EPWP Employees'!B22="","",'EPWP Employees'!B22) -> ID NUMBER 12 | C23: FALSE | D23: FALSE | E23: FALSE | F23: FALSE | G23: FALSE | H23: FALSE | I23: FALSE | J23: FALSE | K23: FALSE | L23: =COUNTIF(C23:K23,TRUE) -> 0
... A56: =IF('EPWP Employees'!A55="","",'EPWP Employees'!A55) -> NAME 45 | B56: =IF('EPWP Employees'!B55="","",'EPWP Employees'!B55) -> ID NUMBER 45 | C56: FALSE | D56: FALSE | E56: FALSE | F56: FALSE | G56: FALSE | H56: FALSE | I56: FALSE | J56: FALSE | K56: FALSE | L56: =COUNTIF(C56:K56,TRUE) -> 0
A61: Service Provider Signature:
A63: =I4 -> 26 March 2026
A64: Date:

Sheet EPWP Employees
A1: SITHEMBE TRANSPORTATION & PROJECTS | L1: EPWP Employee List
A3: Tel: 012 880 3155 | Cell: 073 124 1535 | Fax: 086 603 7935
A4: Email: accounts@sithembe.co.za | info@sithembe.co.za
A5: VAT No: 4000142267 | Vendor No: 101776
A6: Reg No: 2013/029173/07 | www.sithembe.co.za
A7: Contract Ref: HHS 02-2021/22
A8: Project Manager: Ms. Thokozile Maluka
A10: FULLNAME | B10: ID NUMBER | C10: LOCATION | D10: POSITION
A11: NAME 1 | B11: ID NUMBER 1
A12: NAME 2 | B12: ID NUMBER 2
A13: NAME 3 | B13: ID NUMBER 3
A14: NAME 4 | B14: ID NUMBER 4
A15: NAME 5 | B15: ID NUMBER 5
A16: NAME 6 | B16: ID NUMBER 6
A17: NAME 7 | B17: ID NUMBER 7
A18: NAME 8 | B18: ID NUMBER 8
A19: NAME 9 | B19: ID NUMBER 9
A20: NAME 10 | B20: ID NUMBER 10
A21: NAME 11 | B21: ID NUMBER 11
A22: NAME 12 | B22: ID NUMBER 12
... A55: NAME 45 | B55: ID NUMBER 45
