Workbook

Sheet Invoice — Region 5
A1: SITHEMBE TRANSPORTATION & PROJECTS | J1: Tax Invoice
A3: Tel: 012 880 3155 | Cell: 073 124 1535 | H3: Tax Invoice No: | K3: STP/INV/26/0331
A4: Email: accounts@sithembe.co.za | info@sithembe.co.za | H4: Invoice Date: | K4: =TEXT(DATE(YEAR(TODAY()),MONTH(TODAY()),26),"dd mmmm yyyy") -> 26 April 2026
A5: VAT No: 4000142267 | Vendor No: 101776 | H5: Service Period: | K5: =TEXT(K4,"mmmm YY") & " (" & TEXT(DATE(YEAR(K4),MONTH(K4),1),"dd mmm") & " - " & TEXT(DATE(YEAR(K4),MONTH(K4),25),"dd mmm") & ")" -> April 26 (01 Apr - 25 Apr)
A6: Reg No: 2013/029173/07 | www.sithembe.co.za | H6: Days in Period: | K6: =DATE(YEAR(K4),MONTH(K4),25) - DATE(YEAR(K4),MONTH(K4),1) + 1 -> 25
A7: Contract Ref: HHS 02-2021/22 | H7: PO Number:
A10: BILL TO:
A11: City of Tshwane Metropolitan Municipality | H11: Region: | K11: Region 5
A12: Human Settlements & Operations and Coordination Deptment | H12: Hire Rate (excl VAT): | K12: 11.5
A13: Isivuno House, 330 Madiba Street | H13: Service Rate (excl VAT): | K13: 96.5
A14: PO Box 440, Pretoria, 0001 | H14: Relocation Rate (excl VAT) | K14: 7
H15: Project Manager | K15: Mr Johaness
A19: # | B19: TOWNSHIP / INFORMAL SETTLEMENT | C19: Ward No | D19: RENTALS & RELOCATIONS | I19: SERVICE | K19: SUB TOTALS
B20: TOWNSHIP / INFORMAL SETTLEMENT | D20: Qty (Units) | E20: Toilet Relocation | F20: Relocation Amount (excl VAT) | G20: Days in Period | H20: Rental Amount (excl VAT) | I20: No of Services | J20: Service Amount (excl VAT)
A21: 1 | B21: Wallmansthall Berlin | C21: 8 | D21: 22 | E21: 0 | F21: =IF(E21="","",E21*$K$14) -> 0 | G21: =IF(D21="","",$K$6) -> 25 | H21: =IF(D21="","",D21*$K$12*$K$6) -> 6325 | I21: ='Service Notes'!AH13 -> 7 | J21: =IF(D21="","",D21*I21*$K$13) -> 14861 | K21: =IF(D21="","",F21+H21+J21) -> 21186
A22: 2 | B22: Rayton | C22: 73 | D22: 1 | E22: 0 | F22: =IF(E22="","",E22*$K$14) -> 0 | G22: =IF(D22="","",$K$6) -> 25 | H22: =IF(D22="","",D22*$K$12*$K$6) -> 287.5 | I22: ='Service Notes'!AH14 -> 7 | J22: =IF(D22="","",D22*I22*$K$13) -> 675.5 | K22: =IF(D22="","",F22+H22+J22) -> 963
A23: 3 | B23: Piernaarspoort | C23: 49 | D23: 12 | E23: 0 | F23: =IF(E23="","",E23*$K$14) -> 0 | G23: =IF(D23="","",$K$6) -> 25 | H23: =IF(D23="","",D23*$K$12*$K$6) -> 3450 | I23: ='Service Notes'!AH15 -> 7 | J23: =IF(D23="","",D23*I23*$K$13) -> 8106 | K23: =IF(D23="","",F23+H23+J23) -> 11556
G35: =IF(D35="","",$K$13) | H35: =IF(D35="","",D35*$K$13*$K$14) | J35: =IF(D35="","",D35*I35*$K$15)
B37: Sub Totals | D37: =SUM(D21:D35) -> 35 | E37: =SUM(E21:E35) -> 0 | F37: =SUM(F21:F35) -> 0 | H37: =SUM(H21:H35) -> 10062.5 | J37: =SUM(J21:J35) -> 23642.5 | K37: =SUM(F37,H37,J37) -> 33705 | L37: =SUM(K21:K33) -> 33705
J38: VAT @ 15% | K38: =K37*15% -> 5055.75
A39: BANKING DETAILS | H39: Gross Total | K39: =K37+K38 -> 38760.75
A40: Account Holder: Sithembe Transportation and Projects (Pty) Ltd
A41: Bank: Nedbank Limited
A42: Account No: 1323687157
A43: Branch Code: 198765
H44: City of Tshwane Official:
A47: Service Provider Signature: | H47: Signature:
A49: =K4 -> 26 April 2026
A50: Date: | H50: Date:

Sheet Service Notes
A1: SITHEMBE TRANSPORTATION & PROJECTS | P1: Service Notes
A3: Tel: 012 880 3155 | Cell: 073 124 1535 | Fax: 086 603 7935 | Z3: Tax Invoice No: | AC3: ='Invoice — Region 5'!K3 -> STP/INV/26/0331
A4: Email: accounts@sithembe.co.za | info@sithembe.co.za | Z4: Invoice Date: | AC4: ='Invoice — Region 5'!K4 -> 26 April 2026
A5: VAT No: 4000142267 | Vendor No: 101776 | Z5: Service Period: | AC5: ='Invoice — Region 5'!K5 -> April 26 (01 Apr - 25 Apr)
A6: Reg No: 2013/029173/07 | www.sithembe.co.za | Z6: Days in Period: | AC6: ='Invoice — Region 5'!K6 -> 25
A7: Contract Ref: HHS 02-2021/22 | Z7: PO Number: | AC7: =IF('Invoice — Region 5'!AA7="","",'Invoice — Region 5'!AA7)
A8: Project Manager: Ms. Thokozile Maluka | Z8: Region: | AC8: ='Invoice — Region 5'!K11 -> Region 5
A11: LOCATION | AH11: TOTAL
A12: TOWNSHIP / INFORMAL SETTLEMENT | C12: 46082 | D12: 46083 | E12: 46084 | F12: 46085 | G12: 46086 | H12: 46087 | I12: 46088 | J12: 46089 | K12: 46090 | L12: 46091 | M12: 46092 | N12: 46093 | O12: 46094 | P12: 46095 | Q12: 46096 | R12: 46097 | S12: 46098 | T12: 46099 | U12: 46100 | V12: 46101 | W12: 46102 | X12: 46103 | Y12: 46104 | Z12: 46105 | AA12: 46106 | AB12: 46107 | AC12: 46108 | AD12: 46109 | AE12: 46110 | AF12: 46111 | AG12: 46112
A13: ='Invoice — Region 5'!B21 -> Wallmansthall Berlin | C13: FALSE | D13: FALSE | E13: TRUE | F13: FALSE | G13: FALSE | H13: TRUE | I13: FALSE | J13: FALSE | K13: TRUE | L13: FALSE | M13: FALSE | N13: TRUE | O13: FALSE | P13: FALSE | Q13: FALSE | R13: FALSE | S13: TRUE | T13: FALSE | U13: FALSE | V13: TRUE | W13: FALSE | X13: FALSE | Y13: FALSE | Z13: TRUE | AA13: FALSE | AB13: FALSE | AC13: FALSE | AD13: FALSE | AE13: FALSE | AF13: FALSE | AG13: FALSE | AH13: =COUNTIF(C13:AA13,TRUE) -> 7
A14: ='Invoice — Region 5'!B22 -> Rayton | C14: FALSE | D14: FALSE | E14: TRUE | F14: FALSE | G14: FALSE | H14: TRUE | I14: FALSE | J14: FALSE | K14: TRUE | L14: FALSE | M14: FALSE | N14: TRUE | O14: FALSE | P14: FALSE | Q14: FALSE | R14: FALSE | S14: TRUE | T14: FALSE | U14: FALSE | V14: TRUE | W14: FALSE | X14: FALSE | Y14: FALSE | Z14: TRUE | AA14: FALSE | AB14: FALSE | AC14: FALSE | AD14: FALSE | AE14: FALSE | AF14: FALSE | AG14: FALSE | AH14: =COUNTIF(C14:AA14,TRUE) -> 7
A15: ='Invoice — Region 5'!B23 -> Piernaarspoort | C15: FALSE | D15: FALSE | E15: TRUE | F15: FALSE | G15: FALSE | H15: TRUE | I15: FALSE | J15: FALSE | K15: TRUE | L15: FALSE | M15: FALSE | N15: TRUE | O15: FALSE | P15: FALSE | Q15: FALSE | R15: FALSE | S15: TRUE | T15: FALSE | U15: FALSE | V15: TRUE | W15: FALSE | X15: FALSE | Y15: FALSE | Z15: TRUE | AA15: FALSE | AB15: FALSE | AC15: FALSE | AD15: FALSE | AE15: FALSE | AF15: FALSE | AG15: FALSE | AH15: =COUNTIF(C15:AA15,TRUE) -> 7
Q22: City of Tshwane Official:
A25: Service Provider Signature: | Q25: Signature:
A27: =AC4 -> 26 April 2026
A28: Date: | Q28: Date:

Sheet EPWP Employees
A1: SITHEMBE TRANSPORTATION & PROJECTS | D1: EPWP Employee List
A3: Tel: 012 880 3155 | Cell: 073 124 1535 | Fax: 086 603 7935
A4: Email: accounts@sithembe.co.za | info@sithembe.co.za
A5: VAT No: 4000142267 | Vendor No: 101776
A6: Reg No: 2013/029173/07 | www.sithembe.co.za
A7: Contract Ref: HHS 02-2021/22
A8: Project Manager: Ms. Thokozile Maluka
A10: FULLNAME | B10: ID NUMBER | C10: LOCATION | D10: POSITION
A11: Thembinkosi Magagula | B11: 7407065418081 | C11: Piernaarspoort and Rayton | D11: Coordinator
A12: Promise Lehlae | B12: 8811180906085 | C12: Piernaarspoort and Rayton | D12: Cleaner
A13: David Tswai | B13: 6409065284082 | C13: Wallmansthall Berlin | D13: Coordinator
A14: Ntombizodwa Mahlngu | B14: 9306230272082 | C14: Wallmansthall Berlin | D14: Cleaner
A15: Brandy Mothwa | B15: 9706151300087 | C15: Wallmansthall Berlin | D15: Cleaner

Sheet Toilet Co-ordinates
A1: SITHEMBE TRANSPORTATION & PROJECTS | J1: Toilet Co-ordinates
A3: TOILET No | B3: CO-ORDINATES | C3: TOILET No | D3: CO-ORDINATES | E3: TOILET No | F3: CO-ORDINATES | G3: TOILET No | H3: CO-ORDINATES | I3: TOILET No | J3: CO-ORDINATES | K3: TOILET No | L3: CO-ORDINATES
A4: 1 | C4: 73 | E4: 145 | G4: 217 | I4: 289 | K4: 361
A5: 2 | C5: 74 | E5: 146 | G5: 218 | I5: 290 | K5: 362
A6: 3 | C6: 75 | E6: 147 | G6: 219 | I6: 291 | K6: 363
A7: 4 | C7: 76 | E7: 148 | G7: 220 | I7: 292 | K7: 364
A8: 5 | C8: 77 | E8: 149 | G8: 221 | I8: 293 | K8: 365
A9: 6 | C9: 78 | E9: 150 | G9: 222 | I9: 294 | K9: 366
A10: 7 | C10: 79 | E10: 151 | G10: 223 | I10: 295 | K10: 367
A11: 8 | C11: 80 | E11: 152 | G11: 224 | I11: 296 | K11: 368
A12: 9 | C12: 81 | E12: 153 | G12: 225 | I12: 297 | K12: 369
A13: 10 | C13: 82 | E13: 154 | G13: 226 | I13: 298 | K13: 370
A14: 11 | C14: 83 | E14: 155 | G14: 227 | I14: 299 | K14: 371
A15: 12 | C15: 84 | E15: 156 | G15: 228 | I15: 300 | K15: 372
... A75: 72 | C75: 144 | E75: 216 | G75: 288 | I75: 360 | K75: 432
